system,layer,Q3Q2,Q2Q1,Q1Q4,Q4Q3
Propeller,top,3.634084210526316,2.9150302631578944,3.8395552631578944,4.363707894736843
Propeller,mid,7.3726947368421065,6.909414473684212,5.174009210526315,6.870796052631579
Propeller,bot,4.442156578947369,4.146409210526316,4.533785526315789,4.630278947368421
Basket,top,6.161035526315789,11.733673684210528,6.19403552631579,5.477351315789473
Basket,mid,5.174686842105263,4.991723684210526,6.635730263157893,9.194580263157894
Basket,bot,4.388398684210526,2.221494736842105,4.973836842105264,4.732186842105263
Chair,top,4.190694736842105,5.263125,5.781138157894737,4.909052631578947
Chair,mid,5.566172368421053,5.327002631578948,3.5501697368421055,4.743672368421052
Chair,bot,4.409123684210526,3.2203500000000003,2.9913342105263157,3.8859105263157896
Hybrid-I,top,5.790817105263158,5.048617105263158,4.675249999999999,2.9388171052631584
Hybrid-I,mid,5.093473684210526,4.871515789473684,6.038334210526316,7.709210526315789
Hybrid-I,bot,4.902827631578948,6.494094736842104,5.2424605263157895,4.54047894736842
Hybrid-II,top,5.135569736842106,3.859223684210527,7.156078947368421,7.163123684210527
Hybrid-II,mid,4.728185526315791,6.558047368421052,7.706768421052631,6.9289407894736845
Hybrid-II,bot,4.109319736842105,6.171798684210526,1.111021052631579,2.466175
Basket-Na,top,0.9480644736842104,1.5689605263157897,3.4405684210526317,1.491803947368421
Basket-Na,mid,6.204877631578947,6.207451315789474,6.8484671052631585,7.745873684210527
Basket-Na,bot,6.378643421052632,6.719040789473684,6.782497368421054,5.874223684210526
Hybrid-II-wtTel26,top,5.584025,2.5155855263157894,7.997782894736842,6.436197368421053
Hybrid-II-wtTel26,mid,5.720476315789474,7.47375657894737,5.023528947368422,7.6038184210526305
Hybrid-II-wtTel26,bot,5.4379776315789465,6.411928947368421,4.167743421052631,4.677052631578946
Propeller-POH,top,3.3446394736842104,3.960919736842105,5.496568421052631,4.92756052631579
Propeller-POH,mid,5.991989473684211,6.248393421052631,6.148964473684211,5.837952631578947
Propeller-POH,bot,5.127865789473684,4.918093421052632,1.755038157894737,4.394101315789473
Propeller-EWV,top,4.190436842105263,4.5185065789473695,4.911367105263157,3.387857894736842
Propeller-EWV,mid,4.743014473684211,6.887965789473685,6.079859210526315,6.921818421052631
Propeller-EWV,bot,4.636631578947369,4.116163157894737,4.6617013157894736,4.81453947368421
Hybrid-II-wtTel26-EWV,top,5.533311842105262,6.0365144736842105,9.550577631578948,7.669323684210527
Hybrid-II-wtTel26-EWV,mid,4.911384210526316,7.094340789473684,4.561042105263158,4.178484210526316
Hybrid-II-wtTel26-EWV,bot,8.400371052631579,6.146173684210527,4.716898684210527,5.960846052631579
Hybrid-II-wtTel26-POH,top,7.8532210526315795,5.263005263157895,5.64088552631579,6.414114473684211
Hybrid-II-wtTel26-POH,mid,3.404636842105263,6.026284210526316,5.502738157894737,6.010427631578948
Hybrid-II-wtTel26-POH,bot,6.452659210526315,4.9453157894736846,4.1376855263157895,4.626193421052632
