sequence,Propeller,Basket,Chair,Hybrid-I,Hybrid-II,Basket-Na,Hybrid-II-wtTel26,Propeller-POH,Propeller-EWV,Hybrid-II-wtTel26-EWV,Hybrid-II-wtTel26-POH
A1G2,6.811668421052631,14.44632456140351,9.352728070175438,10.829564912280702,3.290719298245614,16.04930175438597,8.335345614035088,3.0119438596491226,4.426647368421053,7.283731578947368,5.378438596491229
G2G3,13.344070175438597,12.45671754385965,17.42554912280702,16.10568771929825,19.373515789473686,11.776733333333334,17.61835263157895,12.781273684210527,11.832656140350876,15.796029824561405,16.80737192982456
G3G4,5.846326315789473,15.534698245614038,9.892857894736842,8.031822807017546,7.428984210526316,7.883712280701755,5.769961403508772,6.358989473684211,6.337617543859648,11.282857894736843,8.096987719298244
G4T5,7.723640350877192,13.359910526315788,9.623747368421053,7.968619298245613,9.02559649122807,5.059614035087718,13.03488596491228,5.8363964912280695,7.385422807017545,9.368852631578946,6.783168421052632
T5T6,5.4573947368421045,11.24647192982456,11.778998245614035,15.04610350877193,11.497108771929824,10.660128070175439,13.122261403508773,7.165405263157894,4.361985964912281,2.271717543859649,6.303935087719299
T6A7,13.348256140350877,10.986229824561404,7.637977192982456,12.731768421052632,4.923626315789474,5.618449122807019,9.791222807017544,15.192166666666665,13.5402,9.004580701754387,9.181064912280702
A7G8,7.937885964912279,4.71380701754386,10.911229824561403,9.697538596491228,9.061545614035088,7.3318087719298255,10.58019649122807,4.833068421052632,8.677138596491227,8.116636842105263,8.96148947368421
G8G9,12.047957894736841,13.489835087719296,14.239966666666668,16.461166666666667,18.71958245614035,13.050875438596492,16.22850701754386,13.073696491228072,12.669592982456138,14.427557894736843,15.657671929824561
G9G10,4.4180631578947365,2.7063140350877193,15.208733333333333,6.511868421052631,15.452649122807017,6.197936842105262,15.388012280701757,5.355145614035088,5.922073684210526,17.249694736842105,15.445092982456138
G10T11,8.71178596491228,7.296285964912281,11.950935087719296,16.547143859649122,12.400382456140353,5.915782456140351,13.60518596491228,6.539791228070175,7.425522807017544,10.046256140350877,7.920145614035087
T11T12,10.451875438596492,13.497978947368424,8.923742105263157,16.777001754385964,13.806580701754386,13.218245614035087,13.742907017543862,4.4067105263157895,7.853605263157895,11.871291228070175,4.855656140350877
T12A13,7.845768421052632,12.801601754385965,15.965975438596493,2.057171929824561,11.97792105263158,8.658898245614035,11.141800000000002,13.323249122807017,5.101336842105263,11.03695087719298,6.457319298245614
A13G14,7.476361403508774,1.7866614035087724,11.419636842105264,5.799050877192983,13.319729824561405,4.837312280701754,14.736803508771928,5.222636842105263,8.629929824561405,6.091536842105263,8.073184210526316
G14G15,12.034580701754384,16.51871754385965,15.861989473684213,16.53420701754386,14.324166666666668,9.743896491228067,16.881773684210525,10.735550877192981,11.628429824561403,17.319582456140353,14.588075438596494
G15G16,5.064675438596492,16.666073684210524,7.5574122807017545,14.688914035087722,6.13079649122807,16.503498245614036,10.485759649122807,6.313435087719297,4.098724561403508,6.807447368421053,4.858010526315789
G16T17,6.825198245614035,11.561203508771928,6.8764701754385955,11.061043859649123,6.082882456140351,11.591496491228071,7.775433333333332,7.258854385964913,4.89711052631579,7.935873684210526,4.615038596491228
T17T18,4.70729298245614,8.598203508771931,11.99131754385965,7.651736842105265,7.352094736842105,8.484584210526315,15.414664912280701,4.433819298245614,3.595221052631579,15.615563157894735,3.4252842105263155
T18A19,14.345408771929826,15.508608771929824,7.881819298245613,15.644566666666666,9.023145614035089,14.278740350877193,14.550791228070176,13.29353157894737,8.622387719298246,14.600987719298246,15.313429824561405
A19G20,5.67681052631579,10.969921052631578,10.162222807017544,10.482394736842105,8.12014912280702,5.993056140350877,10.910059649122807,4.191442105263158,4.112324561403509,11.110931578947369,8.71757894736842
G20G21,12.598315789473686,15.87137192982456,16.61110877192983,16.6919701754386,17.410477192982455,15.71227543859649,17.354128070175435,11.61011052631579,10.072256140350877,16.057838596491226,15.979949122807021
G21G22,4.018778947368421,3.340154385964912,14.977370175438597,7.663833333333335,5.4924333333333335,10.32328245614035,10.112657894736842,7.391659649122807,4.977019298245615,5.0585070175438585,3.2930894736842107
